2019-05-06 13:16:10,106	Starting receiving
2019-05-06 13:16:10,106	Print Interval = 1, Flow interval = 1 * 6 = 6 s, running average n = 4 (24 s)
2019-05-06 13:16:10,162	1783600.0000000000	0.0011454137	0.0011454137	0.0005727069
2019-05-06 13:16:11,149	1783400.0000000000	-202.6239689584	0.0011452853	0.0007635664
2019-05-06 13:16:12,143	1784200.0000000000	804.6622519606	0.0011457991	0.0008591245
2019-05-06 13:16:13,148	1784000.0000000000	-199.0059438871	0.0011456706	0.0011455422
2019-05-06 13:16:14,144	1785600.0000000000	1606.4371560291	0.0011466981	0.0011458633
2019-05-06 13:16:15,148	1784800.0000000000	-797.5394819031	240.7062730697	60.1774278094
2019-05-06 13:16:16,178	1783700.0000000000	-1067.8793759189	59.6616233442	75.0925471957
2019-05-06 13:16:17,160	1785100.0000000000	1425.5094681140	179.4166430169	119.9464215323
2019-05-06 13:16:18,150	1783200.0000000000	-1919.0176697880	-159.9567530255	79.9569466013
2019-05-06 13:16:19,144	1785800.0000000000	2615.2150338305	40.0036719832	29.7812963297
2019-05-06 13:16:20,149	1785600.0000000000	-198.9944723020	159.9517281300	54.8538225261
2019-05-06 13:16:21,145	1785600.0000000000	0.0000000000	382.4850791427	105.6209315576
2019-05-06 13:16:22,154	1784700.0000000000	-891.9519610486	-80.0891877599	125.5878228740
2019-05-06 13:16:23,145	1786000.0000000000	1311.7309157009	560.5157868220	255.7158515837
2019-05-06 13:16:24,146	1786100.0000000000	99.9031766860	59.9737787448	230.7213642374
2019-05-06 13:16:25,150	1786200.0000000000	99.6016933435	119.9728378756	165.0933039206
2019-05-06 13:16:26,144	1786200.0000000000	0.0000000000	120.0209062753	215.1208274295
2019-05-06 13:16:27,186	1786400.0000000000	191.9443227909	337.8328073862	159.4500825705
2019-05-06 13:16:28,169	1786400.0000000000	0.0000000000	79.6187536601	164.3613262993
2019-05-06 13:16:29,151	1786500.0000000000	101.8101671711	79.9169982844	154.3473664015
2019-05-06 13:16:30,144	1786500.0000000000	0.0000000000	60.0684679345	139.3592568163
2019-05-06 13:16:31,146	1786400.0000000000	-99.7959019549	39.9818883925	64.8965270678
2019-05-06 13:16:32,144	1786500.0000000000	100.2899446174	20.1718435709	50.0347995456
2019-05-06 13:16:33,163	1786600.0000000000	98.1306001629	40.0518172219	40.0685042799
2019-05-06 13:16:34,150	1786600.0000000000	0.0000000000	20.0065548438	30.0530260073
2019-05-06 13:16:35,144	1786600.0000000000	0.0000000000	20.0027717616	25.0582468496
2019-05-06 13:16:36,149	1786600.0000000000	0.0000000000	39.9817130760	30.0107142258
2019-05-06 13:16:37,144	1786600.0000000000	0.0000000000	19.9992599761	24.9975749144
2019-05-06 13:16:38,148	1786600.0000000000	0.0000000000	0.0000000000	19.9959362034
2019-05-06 13:16:39,177	1786700.0000000000	97.1791813444	19.8917368486	19.9681774752
2019-05-06 13:16:40,160	1786700.0000000000	0.0000000000	19.9350555929	14.9565131044
2019-05-06 13:16:41,150	1786600.0000000000	-100.9941933752	0.0000000000	9.9566981104
2019-05-06 13:16:42,144	1786400.0000000000	-201.1819180591	-39.9956955774	-0.0422257840
2019-05-06 13:16:43,148	1785600.0000000000	-796.8065457264	-199.9822441607	-55.0107210363
2019-05-06 13:16:44,144	1785100.0000000000	-501.9994743391	-322.0978925389	-140.5189580693
2019-05-06 13:16:45,154	1783300.0000000000	-1782.1197596253	-680.7707701285	-310.7116506014
2019-05-06 13:16:46,144	1784200.0000000000	909.0405484190	-480.5537998311	-420.8511766648
2019-05-06 13:16:47,146	1786600.0000000000	2397.4272679965	39.9905150975	-360.8579868503
2019-05-06 13:16:48,144	1787100.0000000000	500.9723701633	300.2860457581	-205.2620022760
2019-05-06 13:16:49,145	1786800.0000000000	-299.6517889930	339.9740134075	49.9241936080
2019-05-06 13:16:50,187	1786600.0000000000	-191.9560940270	655.7697629527	334.0050843040
2019-05-06 13:16:51,169	1785700.0000000000	-916.3626830056	298.5464957092	398.6440794569
2019-05-06 13:16:52,152	1786900.0000000000	1220.5837075235	59.9232255389	338.5533744021
2019-05-06 13:16:53,144	1786700.0000000000	-201.6035791895	-79.9937138729	233.5614425820
2019-05-06 13:16:54,147	1785900.0000000000	-797.5618510118	-179.9176745412	24.6395832085
2019-05-06 13:16:55,144	1783600.0000000000	-2306.6014393994	-605.1411629199	-201.2823314488
2019-05-06 13:16:56,162	1785300.0000000000	1670.1379945837	-80.1080329603	-236.2901460736
2019-05-06 13:16:57,150	1785700.0000000000	404.7971841901	-240.0830670707	-276.3124843730
2019-05-06 13:16:58,144	1786000.0000000000	301.8005986645	-139.9927772434	-266.3312600486
2019-05-06 13:16:59,148	1784100.0000000000	-1892.2663617199	-359.9072924045	-205.0227924197
2019-05-06 13:17:00,144	1784600.0000000000	501.9792874948	199.9917224495	-134.9978535673
2019-05-06 13:17:01,147	1784900.0000000000	299.0809311577	-80.2342847297	-95.0356579820
2019-05-06 13:17:02,177	1781700.0000000000	-3106.7659990625	-795.6619269975	-258.9529454205
2019-05-06 13:17:03,160	1784700.0000000000	3051.6983087851	-259.1558705159	-233.7650899484
2019-05-06 13:17:04,144	1791700.0000000000	7120.4998685527	1521.4373893258	96.5963267707
2019-05-06 13:17:05,145	1791100.0000000000	-599.3935046116	1299.9399355985	441.6398818527
2019-05-06 13:17:06,149	1783000.0000000000	-8067.3750838821	-379.9086618675	545.5781981352
2019-05-06 13:17:07,144	1783700.0000000000	703.4333916650	402.7133848185	711.0455119688
2019-05-06 13:17:08,159	1781500.0000000000	-2167.4090571815	-640.2190996398	170.6313897274
2019-05-06 13:17:09,145	1781900.0000000000	405.6326041534	-1959.4804062586	-644.2236957369
2019-05-06 13:17:10,146	1780100.0000000000	-1797.9950849980	-2199.3713840448	-1099.0893762812
2019-05-06 13:17:11,144	1779900.0000000000	-200.3871769146	-620.5643560122	-1354.9088114889
2019-05-06 13:17:12,145	1778000.0000000000	-1897.9406528685	-1139.6765987664	-1479.7731862705
2019-05-06 13:17:13,187	1776600.0000000000	-1343.5881243070	-974.4712407062	-1233.5208948824
2019-05-06 13:17:14,169	1775400.0000000000	-1221.9260692171	-1293.7099532284	-1007.1055371783
2019-05-06 13:17:15,152	1773800.0000000000	-1627.5613789711	-1258.4242334190	-1166.5705065300
2019-05-06 13:17:16,144	1772200.0000000000	-1612.7162340384	-1539.9051305090	-1266.6276394656
2019-05-06 13:17:17,147	1769800.0000000000	-2392.9215959927	-1639.2849264857	-1432.8310609105
2019-05-06 13:17:18,143	1768800.0000000000	-1003.9898162501	-1573.7796673815	-1502.8484894488
2019-05-06 13:17:19,163	1767900.0000000000	-882.4715641777	-1501.7937866479	-1563.6908777560
2019-05-06 13:17:20,150	1766600.0000000000	-1317.0637515359	-1440.5744707250	-1538.8582128100
2019-05-06 13:17:21,144	1765200.0000000000	-1408.2156747727	-1399.9840452105	-1479.0329924912
2019-05-06 13:17:22,149	1764200.0000000000	-995.9504748824	-1119.7391202287	-1365.5228557030
2019-05-06 13:17:23,144	1763600.0000000000	-602.9926047469	-1039.9634030823	-1250.0652598116
2019-05-06 13:17:24,148	1763500.0000000000	-99.5907908227	-882.7503024106	-1110.6092177330
2019-05-06 13:17:25,178	1762600.0000000000	-873.8693661607	-795.6588705242	-959.5279240614
2019-05-06 13:17:26,161	1761700.0000000000	-915.4213528513	-697.7298640341	-854.0256100128
2019-05-06 13:17:27,144	1761100.0000000000	-610.2677305889	-620.5737745995	-749.1782028921
2019-05-06 13:17:28,145	1760200.0000000000	-899.1108151290	-679.8193114833	-698.4454551603
2019-05-06 13:17:29,149	1759400.0000000000	-796.7492176624	-819.7868395979	-704.4774474287
2019-05-06 13:17:30,144	1758800.0000000000	-602.9889927263	-765.1354489511	-721.3288436580
2019-05-06 13:17:31,155	1758100.0000000000	-692.3679967023	-720.8202732000	-746.3904683081
2019-05-06 13:17:32,144	1757600.0000000000	-505.5147005651	-699.9683585165	-751.4277300664
2019-05-06 13:17:33,146	1757300.0000000000	-299.3773060755	-579.8472654202	-691.4428365220
2019-05-06 13:17:34,144	1757200.0000000000	-100.2000032490	-440.4191974449	-610.2637736454
2019-05-06 13:17:35,145	1756600.0000000000	-599.3388317169	-439.8855373679	-540.0300896874
2019-05-06 13:17:36,187	1756100.0000000000	-479.9275744063	-397.4482337270	-464.4000584900
2019-05-06 13:17:37,169	1755700.0000000000	-407.2237658138	-378.0889951084	-413.9604909121
2019-05-06 13:17:38,153	1755700.0000000000	0.0000000000	-319.5947521377	-383.7543795853
2019-05-06 13:17:39,144	1755200.0000000000	-504.5270624146	-400.0509517714	-373.7957331861
2019-05-06 13:17:40,148	1754600.0000000000	-597.6012196222	-399.8181597897	-374.3882147018
2019-05-06 13:17:41,144	1754400.0000000000	-200.7784507671	-342.9789083596	-365.6106930146
2019-05-06 13:17:42,164	1754600.0000000000	196.0636323882	-220.2471588438	-340.7737946911
2019-05-06 13:17:43,147	1754400.0000000000	-203.4424586718	-260.2957003004	-305.8349818234
2019-05-06 13:17:44,144	1754800.0000000000	401.1717689852	-79.9940495149	-225.8789542547
2019-05-06 13:17:45,150	1754500.0000000000	-298.1941154654	-19.9903487072	-145.1318143416
2019-05-06 13:17:46,144	1754000.0000000000	-502.9705971797	-79.9938397383	-110.0684845652
2019-05-06 13:17:47,148	1753000.0000000000	-995.9951737867	-321.0060982624	-125.2460840557
2019-05-06 13:17:48,178	1753400.0000000000	388.3430531653	-198.7570858352	-154.9368431358
2019-05-06 13:17:49,161	1753300.0000000000	-101.7216487220	-298.9677876647	-224.6812028752
2019-05-06 13:17:50,144	1753400.0000000000	101.7240170847	-220.2528996383	-259.7459678502
2019-05-06 13:17:51,145	1753400.0000000000	0.0000000000	-119.9704414715	-209.4870536525
2019-05-06 13:17:52,150	1753500.0000000000	99.5068433872	99.9566790459	-134.8086124322
2019-05-06 13:17:53,144	1753500.0000000000	0.0000000000	20.1359950095	-55.0326667636
2019-05-06 13:17:54,158	1753800.0000000000	295.8471543645	100.0561695711	25.0446005387
2019-05-06 13:17:55,143	1753400.0000000000	-406.0756873512	0.0000000000	55.0372109066
2019-05-06 13:17:56,148	1752600.0000000000	-796.6937894584	-159.9276450397	-9.9338701148
2019-05-06 13:17:57,145	1751800.0000000000	-802.3822943476	-340.3855150582	-100.0642476317
2019-05-06 13:17:58,145	1752900.0000000000	1099.0448907312	-119.9730037401	-155.0715409595
2019-05-06 13:17:59,186	1752500.0000000000	-384.2510624770	-258.5483016459	-219.7086163710
2019-05-06 13:18:00,170	1752200.0000000000	-305.1329773626	-238.7482959560	-239.4137791001
2019-05-06 13:18:01,153	1751300.0000000000	-915.4872895794	-259.7326322525	-219.2505583986
2019-05-06 13:18:02,144	1750700.0000000000	-605.4154339434	-220.0364812300	-244.2664277711
2019-05-06 13:18:03,148	1750600.0000000000	-99.5966320067	-459.7837178051	-294.5752818109
2019-05-06 13:18:04,144	1750300.0000000000	-301.2429500804	-443.7953497016	-345.8370452473
2019-05-06 13:18:05,164	1750700.0000000000	392.1049950032	-300.3485910753	-355.9910349530
2019-05-06 13:18:06,147	1750400.0000000000	-305.1741976479	-180.2105225368	-346.0345452797
2019-05-06 13:18:07,145	1745900.0000000000	-4508.8105705825	-959.7792713439	-471.0334336644
2019-05-06 13:18:08,149	1745800.0000000000	-99.5984057811	-959.7827030051	-600.0302719903
2019-05-06 13:18:09,144	1748400.0000000000	2612.8314739946	-379.9736193853	-619.9365290678
2019-05-06 13:18:10,149	1750100.0000000000	1691.4718733535	-120.3549496307	-604.9726358413
2019-05-06 13:18:11,178	1741400.0000000000	-8454.9335523078	-1788.8397964265	-812.2377671119
2019-05-06 13:18:12,161	1746200.0000000000	4882.6190081226	59.8059058305	-557.3406149030
2019-05-06 13:18:13,144	1751300.0000000000	5187.1486644959	1101.0142562111	-187.0936460039
2019-05-06 13:18:14,145	1748000.0000000000	-3296.7891255432	-79.9795431962	-176.9997943953
2019-05-06 13:18:15,143	1744900.0000000000	-3105.9448540899	-1041.1821550509	9.9146159486
2019-05-06 13:18:16,144	1747300.0000000000	2397.5397560334	1187.9918240809	291.9610955112
2019-05-06 13:18:17,156	1750600.0000000000	3263.7496374582	880.9880886475	236.9545536203
2019-05-06 13:18:18,144	1731200.0000000000	-19635.1695881512	-4020.6303707437	-748.2081532666
2019-05-06 13:18:19,148	1748600.0000000000	17329.5218031601	119.9446075666	-457.9264626122
2019-05-06 13:18:20,144	1748800.0000000000	200.8042118910	779.9659696168	-559.9329262282
2019-05-06 13:18:21,146	1751300.0000000000	2494.6992969193	799.7893697410	-580.2326059548
2019-05-06 13:18:22,144	1750800.0000000000	-500.9778752003	40.0941580431	434.9485262419
2019-05-06 13:18:23,171	1749500.0000000000	-1265.7241161906	3640.1141283350	1314.9909064340
2019-05-06 13:18:24,153	1737100.0000000000	-12626.3026965167	-2297.5531791352	545.6111192460
2019-05-06 13:18:25,144	1747500.0000000000	10493.8448011028	-259.9798799827	280.6688068150
2019-05-06 13:18:26,148	1747000.0000000000	-497.9781936028	-859.6007675421	55.7450754187
2019-05-06 13:18:27,144	1750200.0000000000	3212.7743333716	-119.9928478689	-884.2816686322
2019-05-06 13:18:28,164	1750600.0000000000	392.1407378424	220.2969644157	-254.8191327445
2019-05-06 13:18:29,150	1752500.0000000000	1926.9249173718	3081.7195836338	580.6057331596
2019-05-06 13:18:30,145	1750700.0000000000	-1808.7268843552	639.8300622250	955.4634406014
2019-05-06 13:18:31,149	1751800.0000000000	1095.5991139717	959.7533745320	1225.3999962016
2019-05-06 13:18:32,144	1749700.0000000000	-2110.3785463034	-99.9931387841	1145.3274704017
2019-05-06 13:18:33,148	1749900.0000000000	199.2105299404	-140.4419952454	339.7870756819
2019-05-06 13:18:34,179	1750200.0000000000	290.9737386444	-457.3239221689	65.4985795834
2019-05-06 13:18:35,163	1751300.0000000000	1118.8163047158	119.5870696040	-144.5429966486
2019-05-06 13:18:36,145	1751300.0000000000	0.0000000000	-100.0938867018	-144.5681836280
2019-05-06 13:18:37,146	1751100.0000000000	-199.7740440214	279.9239174686	-39.4767054495
2019-05-06 13:18:38,151	1750800.0000000000	-298.5152186177	179.9147247141	119.8329562712
2019-05-06 13:18:39,145	1749500.0000000000	-1307.6721180633	-140.9732228388	54.6928831605
2019-05-06 13:18:40,156	1737400.0000000000	-11968.5834073444	-2783.7412522886	-616.2189582362
2019-05-06 13:18:41,144	1745800.0000000000	8501.1634034618	-1100.1500334308	-961.2374459611
2019-05-06 13:18:42,147	1747400.0000000000	1595.1764053466	-739.8208260548	-1191.1713336533
2019-05-06 13:18:43,145	1746600.0000000000	-801.5389426004	-840.9558211781	-1366.1669832381
2019-05-06 13:18:44,146	1745400.0000000000	-1198.6142919775	-819.7802741565	-875.1767387051
2019-05-06 13:18:45,145	1748300.0000000000	2902.7433573409	2184.6248813083	-53.9830100203
2019-05-06 13:18:46,170	1749400.0000000000	1073.1476670139	716.2273571488	310.0290357806
2019-05-06 13:18:47,153	1750200.0000000000	813.8037815656	559.2895910203	660.0903888302
2019-05-06 13:18:48,144	1750500.0000000000	302.7074256818	780.1050108168	1060.0617100736
2019-05-06 13:18:49,149	1750600.0000000000	99.5921623752	1039.5289000194	773.7877147513
2019-05-06 13:18:50,144	1750400.0000000000	-200.9829914778	420.1411588004	699.7661651642
2019-05-06 13:18:51,165	1750000.0000000000	-391.7493882278	120.1355365178	589.9776515386
2019-05-06 13:18:52,148	1749900.0000000000	-101.7168876597	-60.0667703891	379.9347062371
2019-05-06 13:18:53,145	1750000.0000000000	100.2927503927	-99.9906596326	95.0548163241
2019-05-06 13:18:54,150	1749900.0000000000	-99.5024762317	-139.9615917701	-44.9708713185
2019-05-06 13:18:55,144	1748200.0000000000	-1709.9934001504	-439.9631397611	-184.9955403882
2019-05-06 13:18:56,149	1748200.0000000000	0.0000000000	-361.1261428590	-260.2603835057
2019-05-06 13:18:57,179	1749300.0000000000	1067.9040932662	-119.2524770675	-265.0758378644
2019-05-06 13:18:58,162	1750400.0000000000	1119.0665080059	79.7253760604	-210.1540959068
2019-05-06 13:18:59,145	1750600.0000000000	203.4029455403	140.1263116739	-65.1317330480
2019-05-06 13:19:00,145	1750400.0000000000	-199.9926092972	439.8791206659	135.1195828332
2019-05-06 13:19:01,151	1749700.0000000000	-696.4619838026	299.9157808288	239.9116473073
2019-05-06 13:19:02,145	1749900.0000000000	201.2009782053	120.8366742591	250.1894718569
2019-05-06 13:19:03,156	1750300.0000000000	395.6486519183	-20.0263713967	210.1513010893
2019-05-06 13:19:04,146	1749500.0000000000	-807.9160013175	-219.9846955456	45.1853470364
2019-05-06 13:19:05,148	1751200.0000000000	1696.5610118573	159.9252211228	10.1877071099
2019-05-06 13:19:06,144	1750900.0000000000	-301.2048037032	240.3240529809	40.0595517904
2019-05-06 13:19:07,147	1750300.0000000000	-598.1605827341	79.9631822354	65.0569401984
2019-05-06 13:19:08,144	1749900.0000000000	-401.2100475075	-80.1878293391	100.0061567500
2019-05-06 13:19:09,171	1749800.0000000000	-97.3717567155	59.7005651500	74.9499927568
2019-05-06 13:19:10,154	1749500.0000000000	-305.1627258937	-339.5834615248	-70.0268858696
2019-05-06 13:19:11,144	1748700.0000000000	-808.0350701104	-439.9833628270	-200.0135221352
2019-05-06 13:19:12,148	1749600.0000000000	896.3716037064	-139.9674767726	-214.9584339936
2019-05-06 13:19:13,144	1749100.0000000000	-501.9944274758	-159.9934466185	-269.8819369357
2019-05-06 13:19:14,168	1749300.0000000000	195.3021912398	-100.0546897368	-209.9997439887
2019-05-06 13:19:15,148	1749300.0000000000	0.0000000000	-40.0459568999	-110.0153925069
2019-05-06 13:19:16,145	1748900.0000000000	-401.1995897424	39.9902748870	-65.0259545920
2019-05-06 13:19:17,150	1749400.0000000000	497.5069520193	-39.9825744281	-35.0232365444
2019-05-06 13:19:18,144	1749800.0000000000	402.3776357950	139.9931910965	24.9887336639
2019-05-06 13:19:19,149	1749700.0000000000	-99.5027831004	80.3021585289	55.0757625211
2019-05-06 13:19:20,179	1749100.0000000000	-582.4847827506	-39.7521141540	35.1401652608
2019-05-06 13:19:21,162	1748200.0000000000	-915.4864014796	-139.5185793649	10.2561640266
2019-05-06 13:19:22,146	1743600.0000000000	-4679.0993840035	-1161.0828236516	-315.0128396604
2019-05-06 13:19:23,147	1745200.0000000000	1598.3107301076	-919.5764642206	-564.9824953478
2019-05-06 13:19:24,144	1747000.0000000000	1805.2587153875	-540.6062497034	-690.1960292351
2019-05-06 13:19:25,145	1748700.0000000000	1698.2779559739	-80.5584790993	-675.4560041687
2019-05-06 13:19:26,157	1749200.0000000000	494.0711052726	200.2301381707	-335.1277637132
2019-05-06 13:19:27,144	1748800.0000000000	-405.1868660961	1040.3418939749	154.8518258357
2019-05-06 13:19:28,148	1748900.0000000000	99.5989024493	739.8036505166	474.9543008907
2019-05-06 13:19:29,144	1748100.0000000000	-803.1726274710	219.9872443920	550.0907317636
2019-05-06 13:19:30,147	1747700.0000000000	-398.8035808901	-199.9090036703	450.0559463033
2019-05-06 13:19:31,145	1747100.0000000000	-601.1613871384	-420.9813956954	84.7251238857
2019-05-06 13:19:32,171	1749300.0000000000	2144.1787122940	99.4593587627	-75.3609490528
2019-05-06 13:19:33,154	1748900.0000000000	-406.8853120586	0.0000000000	-130.3577601507
2019-05-06 13:19:34,144	1749200.0000000000	303.0128594134	219.9895730192	-25.3831159784
2019-05-06 13:19:35,149	1748800.0000000000	-398.0118877743	219.9018325350	134.8376910792
2019-05-06 13:19:36,144	1748700.0000000000	-100.4940238662	320.0481334597	189.9848847535
2019-05-06 13:19:37,165	1746500.0000000000	-2154.7081729507	-560.6465280358	49.8232527445
2019-05-06 13:19:38,148	1748500.0000000000	2034.5277111549	-80.0931449753	-25.1974267541
2019-05-06 13:19:39,146	1749700.0000000000	1203.3429508360	99.9730040015	-55.1796338875
2019-05-06 13:19:40,144	1749100.0000000000	-601.1115601684	60.0660019373	-120.1751667681
2019-05-06 13:19:41,145	1747200.0000000000	-1898.0089094159	-299.9717500588	-55.0064722738
2019-05-06 13:19:42,150	1749000.0000000000	1790.9464270846	501.5542031022	90.4053647456
2019-05-06 13:19:43,180	1749600.0000000000	582.4785810439	218.6201657771	120.0671551895
2019-05-06 13:19:44,163	1749600.0000000000	0.0000000000	-19.9304868921	100.0680329821
2019-05-06 13:19:45,145	1749300.0000000000	-305.4703190649	39.9889614059	185.0582108483
2019-05-06 13:19:46,146	1749100.0000000000	-199.7709040526	379.8877084777	154.6415871922
2019-05-06 13:19:47,144	1746700.0000000000	-2404.7926095541	-460.5130274706	-15.1417111198
2019-05-06 13:19:48,145	1748500.0000000000	1798.3398504493	-221.5387109325	-65.5437671299
2019-05-06 13:19:49,156	1736200.0000000000	-12162.9003518027	-2683.5201854850	-746.4210538526
2019-05-06 13:19:50,144	1746800.0000000000	10738.0821371235	-500.1510599524	-966.4307459602
2019-05-06 13:19:51,149	1752900.0000000000	6069.4941031483	759.6400574088	-661.3924747403
2019-05-06 13:19:52,144	1750500.0000000000	-2411.9946921561	760.0928572607	-415.9845826920
2019-05-06 13:19:53,147	1749600.0000000000	-897.2715850364	219.9337205356	309.8788938132
2019-05-06 13:19:54,144	1739700.0000000000	-9928.6332960962	701.7753596272	610.3604987081
2019-05-06 13:19:55,172	1748400.0000000000	8463.6936092122	318.2097484882	500.0029214779
2019-05-06 13:19:56,155	1749500.0000000000	1118.8184751959	-679.1464489481	140.1930949257
2019-05-06 13:19:57,144	1748300.0000000000	-1213.2402529956	-439.9697477161	-24.7827721372
2019-05-06 13:19:58,149	1748000.0000000000	-298.4783263084	-319.8464024964	-280.1882126681
2019-05-06 13:19:59,144	1748600.0000000000	602.9969392288	1779.8878845265	85.2313213415
2019-05-06 13:20:00,169	1748700.0000000000	97.5579257627	60.0308920568	270.0256565927
2019-05-06 13:20:01,148	1748900.0000000000	204.2646530638	-120.1593586083	349.9782538697
2019-05-06 13:20:02,146	1749300.0000000000	400.7598023291	199.9046018002	479.9160049438
2019-05-06 13:20:03,143	1749300.0000000000	0.0000000000	260.2980364060	100.0185429137
2019-05-06 13:20:04,144	1749100.0000000000	-199.7962169132	99.9946978519	110.0094943625
2019-05-06 13:20:05,150	1749600.0000000000	496.9779437885	180.6752214662	185.2181393811
2019-05-06 13:20:06,181	1749200.0000000000	-388.2842740298	59.6141168239	150.1455181370
2019-05-06 13:20:07,163	1746200.0000000000	-3054.7654844773	-617.9812895668	-69.4243133562
2019-05-06 13:20:08,146	1737300.0000000000	-9053.5582867914	-2398.8557932615	-694.1369361346
2019-05-06 13:20:09,147	1747500.0000000000	10187.1225062542	-319.8318297583	-819.2636989407
2019-05-06 13:20:10,144	1745700.0000000000	-1805.3657745709	-781.0034254215	-1029.4180845020
2019-05-06 13:20:11,146	1750100.0000000000	4390.8138771601	181.2508078535	-829.6100601470
2019-05-06 13:20:12,157	1750900.0000000000	791.3099933614	941.0530773935	5.3671575168
2019-05-06 13:20:13,144	1750100.0000000000	-810.4490889026	2560.7820992158	725.5206397603
2019-05-06 13:20:14,148	1749500.0000000000	-597.5785149479	399.8991457662	1020.7462825572
2019-05-06 13:20:15,144	1748900.0000000000	-602.3383798215	639.9550812779	1135.4223509133
2019-05-06 13:20:16,147	1748200.0000000000	-697.9333086744	-379.9073035396	805.1822556800
2019-05-06 13:20:17,146	1746200.0000000000	-2003.5487087625	-942.1732208831	-70.5565743447
2019-05-06 13:20:18,172	1747300.0000000000	1072.1005666845	-556.9497988108	-309.7688104889
2019-05-06 13:20:19,155	1748400.0000000000	1118.9324372304	-219.7182843710	-524.6871519011
2019-05-06 13:20:20,145	1740200.0000000000	-8282.8202241373	-1739.8977044168	-864.6847521204
2019-05-06 13:20:21,149	1742800.0000000000	2589.2025609034	-1079.6754515626	-899.0603097903
2019-05-06 13:20:22,144	1744700.0000000000	1909.3329295448	-300.0968625862	-834.8470757341
2019-05-06 13:20:23,169	1747100.0000000000	2341.4523041825	-40.0210682198	-789.9227716963
2019-05-06 13:20:24,148	1750900.0000000000	3881.5510856557	500.6731022570	-229.7800700279
2019-05-06 13:20:25,146	1741600.0000000000	-9317.0311159052	279.9188734573	110.1185112271
2019-05-06 13:20:26,144	1740100.0000000000	-1502.9910722924	-540.5092841842	50.0154058276
2019-05-06 13:20:27,145	1745900.0000000000	5793.2913741578	239.9359416324	120.0046582906
2019-05-06 13:20:28,150	1747700.0000000000	1790.9999594343	120.4491502977	24.9486703008
2019-05-06 13:20:29,180	1752800.0000000000	4951.1493030392	377.5512794316	49.3567717944
2019-05-06 13:20:30,163	1743900.0000000000	-9054.0809124394	458.4194528124	299.0889560435
2019-05-06 13:20:31,147	1747200.0000000000	3356.3601982893	1419.3081966216	593.9320197908
2019-05-06 13:20:32,146	1745500.0000000000	-1700.1937610192	-79.9813619177	543.8243917370
2019-05-06 13:20:33,144	1748200.0000000000	2707.7333301453	100.1345009211	474.4701971094
2019-05-06 13:20:34,147	1748300.0000000000	99.6931461057	-906.1075083230	133.3384568255
2019-05-06 13:20:35,157	1748300.0000000000	0.0000000000	881.1785171055	-1.1939630535
2019-05-06 13:20:36,144	1747900.0000000000	-405.2364855481	140.0789247787	53.8211086206
2019-05-06 13:20:37,149	1749500.0000000000	1591.8923368218	799.6177974319	228.6919327483
2019-05-06 13:20:38,144	1750700.0000000000	1205.9282863944	499.9670050461	580.2105610905
2019-05-06 13:20:39,148	1749100.0000000000	-1593.4223854110	159.9558532487	399.9048951263
2019-05-06 13:20:40,144	1748700.0000000000	-401.6298632389	80.2033161591	384.9359929714
2019-05-06 13:20:41,172	1746200.0000000000	-2431.5471124775	-338.0797751267	100.5115998318
2019-05-06 13:20:42,155	1746100.0000000000	-101.7197738463	-679.1308597019	-194.2628663552
2019-05-06 13:20:43,144	1747300.0000000000	1213.2756405466	-679.9492911963	-404.2391524665
2019-05-06 13:20:44,149	1745100.0000000000	-2189.1874297156	-799.8106069816	-624.2426332516
2019-05-06 13:20:45,145	1746900.0000000000	1808.4002164404	-359.9570211229	-629.7119447507
2019-05-06 13:20:46,170	1747200.0000000000	292.4321071922	200.0670562429	-409.9124657645
2019-05-06 13:20:47,149	1746300.0000000000	-920.1164918671	40.0531252734	-229.9118616471
2019-05-06 13:20:48,147	1744400.0000000000	-1903.8723791281	-579.7360830124	-174.8932306548
2019-05-06 13:20:49,145	1747400.0000000000	3005.7530846031	460.4214625748	30.2013902697
2019-05-06 13:20:50,145	1743400.0000000000	-3999.2600856241	-699.9645537207	-194.8065122212
2019-05-06 13:20:51,151	1745400.0000000000	1987.8660804293	-361.4110899667	-295.1725660312
2019-05-06 13:20:52,181	1749900.0000000000	4368.6864291441	715.3645892431	28.6026020326
2019-05-06 13:20:53,164	1749800.0000000000	-101.7229809124	1076.2342741583	182.5558049285
2019-05-06 13:20:54,147	1749500.0000000000	-305.1525130575	419.7880994405	462.4939682188
2019-05-06 13:20:55,147	1749300.0000000000	-199.9887949546	1179.4350707395	847.7055083954
2019-05-06 13:20:56,144	1749100.0000000000	-200.6090535373	740.9996233150	854.1142669133
2019-05-06 13:20:57,146	1748400.0000000000	-698.4912084702	-302.0930781620	509.5324288333
2019-05-06 13:20:58,157	1748700.0000000000	296.7438367975	-220.2966067786	349.5112522785
2019-05-06 13:20:59,144	1748400.0000000000	-303.9147380719	-220.1200968813	-0.3775396267
2019-05-06 13:21:00,151	1748500.0000000000	99.3883580451	-159.8922311455	-225.6005032419
2019-05-06 13:21:01,144	1744600.0000000000	-3926.8719383177	-900.0786707021	-375.0969013769
2019-05-06 13:21:02,148	1745300.0000000000	697.1923171451	-619.8227264064	-474.9784312839
2019-05-06 13:21:03,144	1742900.0000000000	-2409.5761357802	-1163.1444776612	-710.7345264788
2019-05-06 13:21:04,172	1748700.0000000000	5641.6929789144	59.6727059838	-655.8432921965
2019-05-06 13:21:05,155	1749700.0000000000	1017.4121569272	239.8006837026	-370.8734535953
2019-05-06 13:21:06,145	1745800.0000000000	-3938.2396574712	239.9381377453	-155.9332375574
2019-05-06 13:21:07,150	1750700.0000000000	4875.3842325467	1079.5010564928	404.7281459811
2019-05-06 13:21:08,144	1747300.0000000000	-3420.5306671969	879.9501943168	609.7975180644
2019-05-06 13:21:09,169	1750200.0000000000	2828.9008586606	300.1587276597	624.8870290537
2019-05-06 13:21:10,149	1750000.0000000000	-204.0545731012	60.0648693669	579.9187119591
2019-05-06 13:21:11,147	1749300.0000000000	-701.3571296846	699.6676736023	484.9603662364
2019-05-06 13:21:12,144	1749100.0000000000	-200.7772013285	-320.4194333212	184.8679593269
2019-05-06 13:21:13,146	1749000.0000000000	-99.8025034003	339.9023803693	194.8038725043
2019-05-06 13:21:14,144	1749100.0000000000	100.1969872372	-221.1350035978	124.5039042631
2019-05-06 13:21:15,181	1749200.0000000000	96.4235524009	-159.0046966769	-90.1641883066
2019-05-06 13:21:16,164	1749200.0000000000	0.0000000000	-19.9357709741	-15.0432727199
2019-05-06 13:21:17,147	1747600.0000000000	-1627.2101493465	-299.8046478980	-174.9700297867
2019-05-06 13:21:18,148	1746900.0000000000	-699.2434580773	-419.8017646372	-224.6367200466
2019-05-06 13:21:19,144	1745600.0000000000	-1305.0846070202	-699.9396566916	-359.8704600502
2019-05-06 13:21:20,147	1748700.0000000000	3090.7556700989	-100.6779450437	-380.0560035676
2019-05-06 13:21:21,158	1748800.0000000000	98.8958141855	-80.0861713627	-325.1263844338
2019-05-06 13:21:22,145	1748600.0000000000	-202.6291081173	200.0653384926	-170.1596086514
2019-05-06 13:21:23,149	1748400.0000000000	-199.1982306172	299.9214139857	79.8056590180
2019-05-06 13:21:24,144	1748200.0000000000	-201.0036033299	519.9778337391	234.9696037137
2019-05-06 13:21:25,148	1749100.0000000000	896.2743417861	79.9779418747	274.9856320230
2019-05-06 13:21:26,144	1749000.0000000000	-100.3995824408	40.1104324464	234.9969055115
2019-05-06 13:21:27,172	1746400.0000000000	-2529.0183614427	-437.6127523562	50.6133639260
2019-05-06 13:21:28,156	1750000.0000000000	3661.7999634778	319.5925908887	0.5170532134
2019-05-06 13:21:29,146	1749600.0000000000	-404.0330051967	279.9224629599	50.5031834847
2019-05-06 13:21:30,144	1749300.0000000000	-300.5651131827	40.0372508449	50.4848880843
2019-05-06 13:21:31,144	1720200.0000000000	-29099.0079025912	-5760.7350791489	-1280.2956936138
2019-05-06 13:21:32,170	1747700.0000000000	26799.8550145450	260.1342254855	-1295.1602849646
2019-05-06 13:21:33,149	1748700.0000000000	1021.3774836437	-260.3453764304	-1430.2272448122
2019-05-06 13:21:34,147	1747500.0000000000	-1202.2432221070	-419.8754679961	-1545.2054245225
2019-05-06 13:21:35,144	1747900.0000000000	401.1827049605	-279.9767570718	-175.0158440032
2019-05-06 13:21:36,146	1750900.0000000000	2993.5964233612	6136.9068953569	1294.1773234647
2019-05-06 13:21:37,151	1741400.0000000000	-9452.5962093668	-1264.7021559000	1043.0881285973
2019-05-06 13:21:38,181	1739500.0000000000	-1844.7836542246	-1828.2003754701	691.0069017288
2019-05-06 13:21:39,164	1737400.0000000000	-2135.9676172425	-2013.0357084391	257.7421638869
2019-05-06 13:21:40,147	1732800.0000000000	-4679.8813693223	-3018.0823541942	-2031.0051485008
2019-05-06 13:21:41,148	1746400.0000000000	13584.4311807904	-899.6070670731	-1939.7313762941
2019-05-06 13:21:42,144	1742400.0000000000	-4019.4055946569	200.3068283345	-1432.6045753430
2019-05-06 13:21:43,147	1748300.0000000000	5881.8424948161	1772.2294404845	-486.2882881121
2019-05-06 13:21:44,159	1752400.0000000000	4051.2675755055	3003.3848285877	1019.0785075834
2019-05-06 13:21:45,145	1749600.0000000000	-2839.3939042270	3361.6404642349	2084.3903904104
2019-05-06 13:21:46,150	1748700.0000000000	-895.4759750577	459.8651642373	2149.2799743861
2019-05-06 13:21:47,144	1747700.0000000000	-1005.9532575030	1059.9202969404	1971.2026885001
2019-05-06 13:21:48,149	1745800.0000000000	-1890.4098176717	-499.7639102431	1095.4155037924
2019-05-06 13:21:49,144	1740200.0000000000	-5627.7341041404	-2447.1432266121	-356.7804189194
2019-05-06 13:21:50,173	1739400.0000000000	-777.4069731261	-2028.5020225561	-978.8722156177
2019-05-06 13:21:51,156	1740900.0000000000	1525.8680276814	-1558.0256780437	-1633.3587093637
2019-05-06 13:21:52,146	1745600.0000000000	4747.2300440088	-419.8064666310	-1613.3693484607
2019-05-06 13:21:53,150	1742200.0000000000	-3386.4310359976	-719.8216536850	-1181.5389552289
2019-05-06 13:21:54,144	1742200.0000000000	0.0000000000	399.9835974744	-574.4175502213
2019-05-06 13:21:55,170	1749500.0000000000	7114.5665141750	2021.1290324504	320.3711274022
2019-05-06 13:21:56,149	1746400.0000000000	-3166.4059073516	1101.5007056313	700.6979204678
2019-05-06 13:21:57,148	1745900.0000000000	-500.9115834514	59.9841998711	895.6493838568
2019-05-06 13:21:58,144	1745300.0000000000	-602.3395331704	620.8162386966	950.8575441623
2019-05-06 13:21:59,147	1747700.0000000000	2392.6377813325	1099.4579650926	720.4397773229
2019-05-06 13:22:00,144	1746500.0000000000	-1203.5771830473	-603.2055592519	294.2632111021
2019-05-06 13:22:01,182	1750800.0000000000	4142.4701381895	874.3292786837	497.8494808053
2019-05-06 13:22:02,165	1750200.0000000000	-610.3843682686	857.0455934008	556.9068194813
2019-05-06 13:22:03,147	1749800.0000000000	-407.2196144461	899.3900287448	506.8898353943
2019-05-06 13:22:04,148	1749700.0000000000	-99.8971091481	399.8925116497	757.6643531197
2019-05-06 13:22:05,144	1749300.0000000000	-401.5644944678	559.9529534767	679.0702718180
2019-05-06 13:22:06,147	1748500.0000000000	-797.5451688457	-463.1988442139	349.0091624143
2019-05-06 13:22:07,158	1749000.0000000000	494.5231463447	-240.3096182769	64.0842506589
2019-05-06 13:22:08,146	1749500.0000000000	506.5101276569	-60.0187970857	-50.8935765249
2019-05-06 13:22:09,144	1748500.0000000000	-1001.9689149372	-240.2191253599	-250.9365962341
2019-05-06 13:22:10,144	1745300.0000000000	-3199.8466565185	-800.0987365499	-335.1615693181
2019-05-06 13:22:11,149	1738500.0000000000	-6765.8923084806	-1999.4617004032	-774.9495898497
2019-05-06 13:22:12,144	1746500.0000000000	8039.3369944422	-501.4664858872	-885.3115120500
2019-05-06 13:22:13,174	1750400.0000000000	3786.4885078637	178.9901742721	-780.5091871420
2019-05-06 13:22:14,156	1749100.0000000000	-1323.6590857505	119.7055240638	-550.5581219886
2019-05-06 13:22:15,146	1748300.0000000000	-807.9739748754	599.7141769791	99.2358473569
2019-05-06 13:22:16,144	1735100.0000000000	-13227.0608446856	-680.6403462425	54.4423822681
2019-05-06 13:22:17,144	1743600.0000000000	8498.0792572174	-579.9518539344	-135.2931247835
2019-05-06 13:22:18,170	1747000.0000000000	3313.5043700997	-680.4707464976	-335.3371924239
2019-05-06 13:22:19,150	1746400.0000000000	-612.1799509299	-540.5925981158	-620.4138861976
2019-05-06 13:22:20,148	1750100.0000000000	3707.3558366950	359.8269970126	-360.2970503838
2019-05-06 13:22:21,143	1750000.0000000000	-100.5002845385	2980.3147791498	529.7696078872
2019-05-06 13:22:22,147	1749700.0000000000	-299.0764526808	1219.4307990984	1004.7449942862
2019-05-06 13:22:23,144	1749600.0000000000	-100.2945730317	522.7924616801	1270.5912592352
2019-05-06 13:22:24,183	1738500.0000000000	-10683.9030891837	-1569.9101841800	788.1569639370
2019-05-06 13:22:25,164	1742400.0000000000	3971.7418445654	-1535.0705627452	-340.6893715367
2019-05-06 13:22:26,148	1748500.0000000000	6204.2501782931	-299.7463560660	-720.4836603278
2019-05-06 13:22:27,149	1746500.0000000000	-1997.9260039756	-639.7209469212	-1011.1120124781
2019-05-06 13:22:28,144	1744000.0000000000	-2512.5883894961	-1119.9758077125	-898.6284183612
2019-05-06 13:22:29,148	1743000.0000000000	-995.7986704653	906.2748828802	-288.2920569549
2019-05-06 13:22:30,159	1741700.0000000000	-1285.7971708947	-140.1544527797	-248.3940811333
2019-05-06 13:22:31,146	1741000.0000000000	-709.2010218634	-1500.5044248674	-463.5899506199
2019-05-06 13:22:32,150	1741400.0000000000	398.3564476190	-1019.7130714972	-438.5242665660
2019-05-06 13:22:33,144	1745500.0000000000	4124.6279675530	299.9732375180	-590.0996779066
2019-05-06 13:22:34,149	1744600.0000000000	-895.5241981113	319.9216195449	-475.0806598254
2019-05-06 13:22:35,144	1733900.0000000000	-10753.7262759477	-1564.6366440543	-491.1137146222
2019-05-06 13:22:36,174	1743600.0000000000	9417.0443884971	517.0832405555	-106.9146366090
2019-05-06 13:22:37,156	1743200.0000000000	-407.3435988976	359.5649185480	-92.0167163515
2019-05-06 13:22:38,146	1754400.0000000000	11312.7770294987	1779.2697632383	272.8203195719
2019-05-06 13:22:39,145	1740100.0000000000	-14314.2996109414	-900.7106379612	438.8018210952
2019-05-06 13:22:40,145	1735700.0000000000	-4399.8814614761	359.9223914597	399.5116088212
2019-05-06 13:22:41,171	1748900.0000000000	12865.0453688120	1060.6221663423	574.7759207698
2019-05-06 13:22:42,150	1749000.0000000000	102.1461060776	1161.3739436885	420.3019658823
2019-05-06 13:22:43,148	1748900.0000000000	-100.2006016856	-1099.5487825002	370.5924297476
2019-05-06 13:22:44,144	1750700.0000000000	1807.2032987472	2120.3965470914	810.7109686555
2019-05-06 13:22:45,147	1749700.0000000000	-996.9205611253	2798.8094244539	1245.2577831834
2019-05-06 13:22:46,143	1737000.0000000000	-12749.4285721808	-2393.3000549461	356.5892835248
2019-05-06 13:22:47,183	1746900.0000000000	9527.7867558297	-417.3050257605	527.1502227097
2019-05-06 13:22:48,165	1750400.0000000000	3560.7361183440	298.9694498748	71.7934484055
2019-05-06 13:22:49,148	1746800.0000000000	-3664.8902437840	-779.4520444159	-822.7719188119
2019-05-06 13:22:50,149	1748900.0000000000	2097.9022498046	-159.9543816015	-264.4355004758
2019-05-06 13:22:51,144	1739800.0000000000	-9145.0021851304	559.9572252524	-20.1199377226
2019-05-06 13:22:52,148	1749900.0000000000	10058.9684269864	604.1815436349	56.1830857175
2019-05-06 13:22:53,159	1750900.0000000000	988.9807610733	100.1282809569	276.0781670607
2019-05-06 13:22:54,146	1745100.0000000000	-5875.7573137312	-340.1083662082	231.0396709090
2019-05-06 13:22:55,151	1751100.0000000000	5970.3681104291	439.7915283402	200.9982466809
2019-05-06 13:22:56,145	1739700.0000000000	-11469.5176308660	-19.9950812042	44.9540904712
2019-05-06 13:22:57,149	1750200.0000000000	10456.1988321588	59.9839253587	34.9180015716
2019-05-06 13:22:58,144	1745800.0000000000	-4421.9860307420	-1023.0228451082	-135.8106181534
2019-05-06 13:22:59,174	1743300.0000000000	-2427.1845334391	-357.9867478826	-335.2551872091
2019-05-06 13:23:00,157	1746800.0000000000	3560.3077858111	-858.9320034541	-544.9894177715
2019-05-06 13:23:01,147	1747200.0000000000	404.3663386048	1499.5561006416	-185.0963739508
2019-05-06 13:23:02,144	1745200.0000000000	-2006.0665483712	-1001.1479188374	-179.6276423831
2019-05-06 13:23:03,146	1749300.0000000000	4091.8656407089	699.8282758566	84.8261135517
2019-05-06 13:23:04,168	1746700.0000000000	-2543.9836478712	680.9197757438	469.7890583512
2019-05-06 13:23:05,151	1749100.0000000000	2441.4439118092	460.6255443336	210.0564192742
2019-05-06 13:23:06,149	1747900.0000000000	-1202.3624106947	139.9428191177	495.3291037629
2019-05-06 13:23:07,144	1746100.0000000000	-1808.7780181310	179.9922927342	365.3701079823
2019-05-06 13:23:08,147	1754600.0000000000	8474.1550941552	1059.7295535769	460.0725524406
2019-05-06 13:23:09,144	1750600.0000000000	-4011.8222530000	783.7132309804	540.8444741023
2019-05-06 13:23:10,183	1749500.0000000000	-1058.7909260938	79.4880009582	525.7307695624
2019-05-06 13:23:11,166	1743500.0000000000	-6104.1486719636	-876.9990989998	261.4829216289
2019-05-06 13:23:12,148	1744100.0000000000	610.8002155267	-399.6579046704	-103.3639429329
2019-05-06 13:23:13,149	1747900.0000000000	3796.1579583804	-1339.3993896551	-634.1420980918
2019-05-06 13:23:14,145	1745700.0000000000	-2208.7442872261	-979.7589790071	-898.9538430831
2019-05-06 13:23:15,148	1749500.0000000000	3788.5736806250	0.0000000000	-679.7040683332
2019-05-06 13:23:16,159	1750900.0000000000	1384.6390156655	1481.9321666351	-209.3065505068
2019-05-06 13:23:17,146	1750500.0000000000	-405.2368770714	1280.4507201775	445.6559769514
2019-05-06 13:23:18,144	1748500.0000000000	-2003.9497978637	120.1139424692	720.6242073205
2019-05-06 13:23:19,144	1750400.0000000000	1899.8328594386	940.1309004893	955.6569324428
2019-05-06 13:23:20,149	1750100.0000000000	-298.4887345393	119.9675876450	615.1657876952
2019-05-06 13:23:21,144	1743000.0000000000	-7135.8211312098	-1584.6788843402	-101.1166134342
2019-05-06 13:23:22,174	1749400.0000000000	6214.1361257757	-218.7718162055	-185.8380531029
2019-05-06 13:23:23,157	1747300.0000000000	-2138.0155864735	-239.4129499376	-480.7240157096
2019-05-06 13:23:24,147	1744200.0000000000	-3131.2407088141	-1239.4558491705	-820.5798749135
2019-05-06 13:23:25,144	1749000.0000000000	4813.7527463817	-220.2521846513	-479.4731999912
2019-05-06 13:23:26,146	1743900.0000000000	-5089.0436972175	179.9478901130	-379.7932734116
2019-05-06 13:23:27,171	1748500.0000000000	4487.4506134549	-180.1217988601	-364.9704856422
2019-05-06 13:23:28,151	1744900.0000000000	-3673.0868536549	-480.5284054545	-175.2386247132
2019-05-06 13:23:29,149	1751800.0000000000	6913.8200443391	1519.2464446298	259.6360326071
2019-05-06 13:23:30,144	1748900.0000000000	-2914.1863481657	-19.9981242985	209.6495290042
2019-05-06 13:23:31,147	1750400.0000000000	1495.3943480995	1299.6371566986	579.5892678938
2019-05-06 13:23:32,144	1745400.0000000000	-5014.9241168084	-623.3236764333	543.8904501491
2019-05-06 13:23:33,183	1751100.0000000000	5486.9896727916	1232.1002657967	472.1039054409
2019-05-06 13:23:34,166	1747800.0000000000	-3356.9609532552	-797.2750907229	277.7846638348
2019-05-06 13:23:35,149	1739300.0000000000	-8652.2008619296	-1918.3249489562	-526.7058625789
2019-05-06 13:23:36,150	1749200.0000000000	9890.0305154278	-239.8899354477	-430.8474273325
2019-05-06 13:23:37,144	1749500.0000000000	301.7786670753	820.1023391639	-533.8469089908
2019-05-06 13:23:38,149	1747200.0000000000	-2288.4500031195	-785.4032350414	-530.8789450704
2019-05-06 13:23:39,160	1747500.0000000000	296.6798876367	-60.0749607837	-66.3164480272
2019-05-06 13:23:40,147	1745100.0000000000	-2431.6826325666	1160.3892029597	283.7533365746
2019-05-06 13:23:41,144	1746800.0000000000	1704.9751259246	-480.5384986523	-41.4068728794
2019-05-06 13:23:42,145	1746500.0000000000	-299.6745544444	-599.8348214105	4.9852305283
2019-05-06 13:23:43,150	1745000.0000000000	-1492.4776607162	-439.8794771444	-89.9658985619
2019-05-06 13:23:44,144	1745600.0000000000	603.6508587201	-381.2098764499	-475.3656684143
2019-05-06 13:23:45,174	1745000.0000000000	-582.4830300810	-19.8916576053	-360.2039581525
2019-05-06 13:23:46,157	1751700.0000000000	6814.5951813049	977.3932941278	34.1030707320
2019-05-06 13:23:47,147	1749600.0000000000	-2121.0210620230	619.7102023147	299.0004905968
2019-05-06 13:23:48,143	1747300.0000000000	-2309.0444783532	460.6097530348	509.4553979680
2019-05-06 13:23:49,146	1743900.0000000000	-3393.0243375628	-339.8990587550	429.4535476805
2019-05-06 13:23:50,144	1745700.0000000000	1803.4479735613	140.8592395342	220.3200340322
2019-05-06 13:23:51,155	1750100.0000000000	4352.0623020282	-320.1708981053	-14.6502410728
2019-05-06 13:23:52,150	1746100.0000000000	-4019.9352869915	-699.6805457484	-304.7228157686
2019-05-06 13:23:53,144	1750900.0000000000	4828.8327425011	719.9670425243	-39.7562904488
